Company,Company Score,Job Title,Location,Date,Salary,Maximum Salary
ViewSoft,4.8,Software Engineer,"Manassas, VA",8d,$68K - $94K ,94000.0
Workiva,4.3,Software Support Engineer,Remote,2d,$61K - $104K ,104000.0
"Garmin International, Inc.",3.9,C# Software Engineer,"Cary, NC",2d,$95K - $118K ,118000.0
Snapchat,3.5,"Software Engineer, Fullstack, 1+ Years of Experience","Los Angeles, CA",2d,$97K - $145K ,145000.0
Vitesco Technologies Group AG,3.1,Software Engineer,"Seguin, TX",2d,$85K - $108K ,108000.0
Spotify,3.9,Backend Engineer II,"New York, NY",1d,$123K - $175K ,175000.0
Infor,4.0,Associate Software Engineer,"Alpharetta, GA",7d,$77K - $94K ,94000.0
Amerisoft Corporation,5.0,Software Developers,"Farmington Hills, MI",30d+,$71K - $100K ,100000.0
WHOOP,3.3,"Software Engineer II (Backend, Health)","Boston, MA",10d,$94K - $148K ,148000.0
PFF,4.2,Sr. Software Engineer,Remote,1d,$147K - $189K ,189000.0
Salesforce,4.1,MTS Software Engineer,"San Francisco, CA",5d,$90K - $113K ,113000.0
"HealthMine Services, Inc.",3.8,Software Engineer,Remote,1d,$54K - $79K ,79000.0
Honeywell,4.1,Software Engineer I,"Aguadilla, PR",2d,$91K - $135K ,135000.0
Legrand AV,3.7,Software Engineer,Minneapolis-Saint Paul,2d,$70K - $135K ,135000.0
Athenahealth,4.0,"Software Engineer, athenaCollector – RCM Rules","Boston, MA",2d,$192K - $288K ,288000.0
Amex,4.1,Java Engineer,"Plantation, FL",6d,$100K - $125K ,125000.0
SOFT LABS NA,5.0,Entry Level to Senior Level Software Developers,"Northborough, MA",30d+,$85K - $127K ,127000.0
Snapchat,3.5,"Software Engineer, C++","Los Angeles, CA",2d,$69K - $109K ,109000.0
Hertz,3.2,Software Engineer,"Seattle, WA",2d,$124K - $234K ,234000.0
"7-Eleven, Inc.",3.4,Software Engineer,"Irving, TX",1d,$85K - $150K ,150000.0
"Summit Technologies, Inc.",4.2,Software Engineer,"Springfield, MA",10d,$48K - $89K ,89000.0
Adobe,2.9,Software Development Engineer,"San Jose, CA",10d,$66K - $97K ,97000.0
The MITRE Corporation,4.0,Associate Software Engineer,"Bedford, MA",2d,$108K - $199K ,199000.0
Boston Children's Hospital,4.1,Software Engineer - HA (Hybrid),"Boston, MA",30d+,$102K - $173K ,173000.0
Amex,3.2,Engineer - React/JavaScript,"Sunrise, FL",5d,$124K - $142K ,142000.0
Ahold Delhaize USA,4.0,Software Engineer - Martech,"Carlisle, PA",2d,$94K - $133K ,133000.0
Artera Technologies,4.2,Software Engineers,"Annapolis Junction, MD",6d,$70K - $116K ,116000.0
Adobe,4.3,Software Engineer,"Lehi, UT",13d,$142K - $178K ,178000.0
Workiva,3.5,Senior Software Engineer,Remote,3d,$87K - $135K ,135000.0
Samsung Electronics,3.4,Software Engineer,"Mountain View, CA",2d,$77K - $182K ,182000.0
IPG Photonics,3.7,Software Engineer,"Oxford, MA",4d,$101K - $144K ,144000.0
Crafty,3.3,Software Engineer,"Chicago, IL",2d,$101K - $168K ,168000.0
"Crunchyroll, LLC",4.2,"Software Engineer III, Payments","San Francisco, CA",13d,$74K - $118K ,118000.0
LEGO,3.9,Backend Software Engineer,"Irvine, CA",9d,$100K - $200K ,200000.0
Principal Financial Group,4.1,Experienced Software Engineer,"Des Moines, IA",2d,$51K - $78K ,78000.0
INTEL,3.4,Security Software Engineer,"Phoenix, AZ",22d,$71K - $237K ,237000.0
Hasbro,4.4,"Software Engineer, Unreal Engine","Renton, WA",18d,$87K - $116K ,116000.0
Software Engineering Institute,4.2,Software Engineer,"Pittsburgh, PA",30d+,$116K - $184K ,184000.0
University of Dayton,4.4,Associate Software Engineer,"Dayton, OH",2d,$75K - $103K ,103000.0
MIT,3.7,Software Developer,"Cambridge, MA",17d,$155K - $221K ,221000.0
Amazon.com Services LLC,5.0,Software Dev Engineer - Computer Science,"Seattle, WA",2d,$112K - $165K ,165000.0
DaqScribe Solutions,3.9,Jr. Software Engineer,United States,10d,$73K - $109K ,109000.0
West Virginia University,4.5,Software Engineer - Libraries,"Morgantown, WV",4d,$120K - $150K ,150000.0
Noblis,2.0,Software Engineer (All Levels),"Chantilly, VA",1d,$77K - $87K ,87000.0
eimagine,3.5,Software Engineer,United States,30d+,$65K - $90K ,90000.0
CSL SOFTWARE SOLUTIONS,4.1,Software/Database Developer,"Burlington, VT",18d,$74K - $101K ,101000.0
Chewy,3.8,Software Engineer II,"Bellevue, WA",2d,$74K - $111K ,111000.0
ERPA,4.3,Software Test Engineer,"Dublin, OH",2d,$147K - $186K ,186000.0
Afterpay,4.1,"Software Engineer, Incentive","Seattle, WA",3d,$129K - $174K ,174000.0
Harvard University,5.0,Software Engineer,"Boston, MA",30d+,$89K - $125K ,125000.0
Brooks Automation,3.0,Software Development Engineer,"Fremont, CA",4d,$165K - $190K ,190000.0
DLRdmv,3.5,Software Engineer,"Dallas, TX",2d,$110K - $160K ,160000.0
Movius Interactive Corporation,3.3,Software Engineer- Frontend,"Fremont, CA",1d,$61K - $110K ,110000.0
State Street,3.7,Software Engineer,"Burlington, MA",3d,$94K - $154K ,154000.0
"Sonalysts, Inc.",3.8,Junior Software Engineer,"Waterford, CT",1d,$75K - $115K ,115000.0
"Preco, LLC",3.6,Software Engineer,"Somerset, WI",4d,$62K - $106K ,106000.0
HealthStream,3.6,Software Developer,"Nashville, TN",10d,$72K - $118K ,118000.0
Aptiv plc,4.0,Software Engineer,"Troy, MI",30d+,$75K - $118K ,118000.0
Zipongo,3.8,Software Engineer - Epic Integrations,Remote,30d+,$98K - $137K ,137000.0
Snowflake,3.7,Software Engineer - Snowpark,"Bellevue, WA",2d,$113K - $150K ,150000.0
Staffed4U,4.2,Software Engineer (Level 0 - Level II),"Annapolis Junction, MD",10d,$110K - $140K ,140000.0
Honeycomb.io,4.2,Midlevel Site Reliability Engineer,United States,10d,$141K - $179K ,179000.0
Topaz Labs,3.8,"Software Engineer, Infrastructure","Dallas, TX",8d,$77K - $136K ,136000.0
WEG Electric Corp,4.3,Software Engineer - Wind,"Barre, VT",6d,$80K ,80000.0
Brown and Caldwell,4.3,Software Engineer,"Atlanta, GA",3d,$79K - $126K ,126000.0
Vertafore,3.7,Software Engineer II,"Melville, NY",2d,$87K - $119K ,119000.0
"Aerodyne Industries, LLC",3.1,Simulation Software Engineer (ADV00095I),"Kennedy Sp Ct, FL",1d,$72K - $94K ,94000.0
KAIROS Inc,3.5,Software Engineer,"Dahlgren, VA",16d,$6K - $7K ,7000.0
Topaz Labs,3.7,Senior Software Engineer - Photo AI,"Dallas, TX",30d+,$68K - $106K ,106000.0
S3,3.8,Software Engineer- 826245,"Stennis Space Center, MS",20d,$56K - $88K ,88000.0
"J. Paul Getty Trust, The",4.1,Software Engineer Sr,"Los Angeles, CA",30d+,$72K - $113K ,113000.0
Topaz Labs,3.4,Software Engineer - ML Performance / HPC,"Dallas, TX",30d+,$90K - $119K ,119000.0
Rover.com,3.2,"Senior Software Engineer, Orders Team","Seattle, WA",25d,$101K - $135K ,135000.0
University of Oregon,3.8,Research Software Engineer,"Eugene, OR",2d,$155K - $180K ,180000.0
dōTERRA International,4.0,Software Engineer II,Utah,12d,$85K - $114K ,114000.0
AHU Technologies,4.6,Software Engineer,"Newark, DE",12d,$130K - $160K ,160000.0
ALSTOM,3.4,Software Engineer,"Pittsburgh, PA",2d,$160K - $250K ,250000.0
Jack Henry & Associates,2.9,Software Release Engineer,United States,8d,$100K ,100000.0
ISPA Technology,3.0,Junior Software Systems Engineer,"Washington, DC",23d,$120K - $150K ,150000.0
"Universal Health Services, Inc. - Corporate Office",3.4,Associate Software Engineer - Data Analytics,"King of Prussia, PA",30d+,$96K - $146K ,146000.0
Relias,3.8,Associate Software Engineer,"Morrisville, NC",4d,$107K - $144K ,144000.0
Tickrs Clearing,3.1,Software Engineer,"Irvine, CA",2d,$138K - $189K ,189000.0
CTC Group,4.8,Software Engineer,"Fort Meade, MD",30d+,$78K - $118K ,118000.0
GoTab Inc,3.5,Jr. Deployment Engineer,"Arlington, VA",10d,$113K - $139K ,139000.0
ILOGIC INC,3.5,SOFTWARE DEVELOPERS,Township of Hamilton,30d+,$80.00 Per Hour ,166400.0
CSX,3.8,Software Engineer II - Service Now,"Jacksonville, FL",23d,$70K - $109K ,109000.0
Synergy ECP,4.4,Junior Software Engineer,"Fort Meade, MD",2d,$73K - $117K ,117000.0
M&T Bank,5.0,Software Engineer III,"Wilmington, DE",30d+,$62K - $107K ,107000.0
Cardlytics,5.0,Software Engineer III,"Menlo Park, CA",18d,$124K - $169K ,169000.0
"Stefanini, Inc",3.8,AWS Cloud Engineer,"Richmond, VA",1d,$96K - $117K ,117000.0
Innovative Systems,3.8,C Software Engineer,"Pittsburgh, PA",9d,$84K - $140K ,140000.0
Parabola,3.8,"Software Engineer, Full Stack",United States,8d,$66K - $94K ,94000.0
Vibrint,3.5,Software Engineer I (Python Developer),United States,11d,$70K - $120K ,120000.0
Millennium Management,4.2,Front End Engineer,United States,4d,$78K - $126K ,126000.0
Sagitec,3.9,Software Engineer,"Saint Paul, MN",2d,$165K - $209K ,209000.0
Innovien Solutions,3.3,Sr. Software Engineer,"Atlanta, GA",6d,$116K - $150K ,150000.0
Ocean Power Technologies Inc,3.8,Software Engineer,United States,2d,$107K - $192K ,192000.0
Riverside Research Institute,4.8,Software Engineer,"Fairborn, OH",3d,$79K - $120K ,120000.0
Staffed4U,5.0,Java Software Engineer,"Annapolis Junction, MD",30d+,$94K - $153K ,153000.0
Uber Freight,5.0,Software Engineer II,"Chicago, IL",1d,$84K - $129K ,129000.0
Snowflake,4.1,Software Engineer - Database Engineering,"Bellevue, WA",4d,$82K - $129K ,129000.0
Likewize,4.0,Jr DevOps Engineer,"Dallas, TX",2d,$61K - $104K ,104000.0
MassMutual Ascend,4.0,Senior Software Engineer II,"Cincinnati, OH",19d,$182K - $244K ,244000.0
Washington DC government,4.7,React Developer,Remote,2d,$96K - $116K ,116000.0
AnaVation,3.7,Software Developer,"Quantico, VA",3d,$68K - $136K ,136000.0
3R Info,3.9,Software Engineer,"Canton, MI",30d+,$93K - $132K ,132000.0
Strategic Mission Elements,3.5,Software Developer (TypeScript/JavaScript),"Chantilly, VA",26d,$77K - $125K ,125000.0
"IPSecure, Inc.",3.9,Senior Software Engineer,"Patrick AFB, FL",4d,$52K - $200K ,200000.0
RELX,3.2,Software Engineer II,Georgia,2d,$81K - $118K ,118000.0
Solventum,3.6,Software Engineer - Front-end (Solventum),"Maplewood, MN",3d,$128K - $192K ,192000.0
Focus Technology Solutions Inc,3.0,Cloud Engineer,"Boston, MA",4d,$150K - $225K ,225000.0
Two Six Technologies,4.1,Software Engineer,"Warrenton, VA",17d,$50.00 Per Hour ,104000.0
"Adams, Inc.",3.2,Software Engineer,Tennessee,4d,$85K - $120K ,120000.0
CPS Insurance Services,3.4,Junior Software Developer,"Phoenix, AZ",1d,$192K - $245K ,245000.0
Cephas,3.1,Software Engineer,"Melbourne, FL",4d,$114K - $182K ,182000.0
Chubb,3.4,Software Engineer - Java Springboot (DT),"Whitehouse Station, NJ",3d,$102K - $134K ,134000.0
Uber Freight,3.6,Software Engineer III - Mobile (Multiple Openings),"San Francisco, CA",9d,$101K - $160K ,160000.0
Consumers Energy,4.8,Assoc Software Engineer,"Jackson, MI",6d,$90K - $124K ,124000.0
U.S. Bank National Association,3.4,Senior Software Engineer,"Hopkins, MN",1d,$88K - $128K ,128000.0
MedImpact Healthcare Systems,3.5,Software Engineer IV,"San Diego, CA",30d+,$83K - $131K ,131000.0
IMC Financial Markets,3.1,Graduate Software Engineer,"Chicago, IL",17d,$70K - $90K ,90000.0
Truveta,4.0,Software Engineer - Normalization,"Seattle, WA",3d,$164K - $182K ,182000.0
"Signature Science, LLC",4.2,Software Engineer,"Egg Harbor Township, NJ",23d,$73K - $92K ,92000.0
JYG Innovations,4.1,Web Developers,"Frederick, MD",2d,$108K - $200K ,200000.0
Vensit,3.5,Software Engineer,"Sayreville, NJ",30d+,$123K - $160K ,160000.0
Independent Software,3.9,Software Engineer - Apprentice,United States,17d,$112K - $141K ,141000.0
"Visionist, Inc.",3.5,Junior Software Engineer,"Fort Meade, MD",10d,$101K - $160K ,160000.0
NCR,3.1,Software Dev Ops Engineer II,Indiana,3d,$69K - $143K ,143000.0
Clearwater Analytics,3.6,Senior Software Development Engineer,"Seattle, WA",9d,$120K - $140K ,140000.0
"Technical Intelligence Solutions, LLC",3.0,Software Engineer,"Crystal City, VA",2d,$68K - $120K ,120000.0
CVS Health,3.8,Associate Software Development Engineer - Colleague Experience,"Woonsocket, RI",29d,$104K - $136K ,136000.0
"Delta Defense, LLC",3.9,"Associate Engineer, Analytics","West Bend, WI",2d,$82K - $115K ,115000.0
Koalafi,3.2,Backend Software Engineer,"Richmond, VA",13d,$161K - $239K ,239000.0
INTEL,4.1,AI Research Engineer,Arizona,17d,$107K - $150K ,150000.0
No.Inc,5.0,Software Engineer,"Baltimore, MD",5d,$91K - $122K ,122000.0
f5,3.5,Software Engineer III,"Seattle, WA",30d+,$103K - $144K ,144000.0
Arcadia Science,3.3,"Software Engineer, Product","Berkeley, CA",6d,$80K - $100K ,100000.0
Artint Knowledge Tech,3.5,Firmware (Linux) Dev I,Remote,5d,$100K - $128K ,128000.0
Castellum Inc,4.1,Software Engineer,"Patuxent River, MD",30d+,$90K - $180K ,180000.0
Instacart,3.7,"Senior Software Engineer, Core Experiences",Remote,12d,$110K - $130K ,130000.0
WALGREENS,4.4,Software Engineer (RxR),"Deerfield, IL",1d,$76K - $121K ,121000.0
Duquesne Light,3.6,Software Engineer III,"Pittsburgh, PA",16d,$88K - $111K ,111000.0
Super Micro Computer,3.0,Software Engineer,"San Jose, CA",30d+,$73K - $116K ,116000.0
UCare,4.4,Software Engineer Senior â€“ Azure,"Minneapolis, MN",19d,$182K - $273K ,273000.0
CyberCore Technologies,2.6,Software Engineer 0,"Annapolis Junction, MD",9d,$85K - $113K ,113000.0
CoinFlip,3.5,AWS DevOps Engineer,"Chicago, IL",25d,$65K - $95K ,95000.0
BI Labs,4.1,SOFTWARE DEVELOPERS (021),"Plainsboro, NJ",30d+,$109K - $168K ,168000.0
Sahbi Systems,4.1,Software Engineers,Alabama,18d,$80K - $99K ,99000.0
Cultura Technologies Inc,4.4,Sr Software Engineer,Remote,1d,$104K - $153K ,153000.0
Excelacom,4.0,DevOps Engineer,"Denver, CO",3d,$78K - $129K ,129000.0
Cityblock Health,4.1,Senior Software Engineer,New York State,9d,$82K - $118K ,118000.0
Rocket Software,4.3,Machine Learning Software Engineer,Massachusetts,3d,$138K - $294K ,294000.0
Huntington Ingalls Industries Inc.,3.3,Software Engineer (Hybrid) - 19943,"Columbia, MD",11d,$136K - $187K ,187000.0
Intuitive Machines LLC,3.8,Research Software Engineer,"Houston, TX",10d,$295K - $440K ,440000.0
Equifax,4.4,Software Engineer - Career,"Alpharetta, GA",3d,$95K - $146K ,146000.0
Super Micro Computer,4.0,Software Engineer,"San Jose, CA",19d,$117K - $161K ,161000.0
Akamai,4.0,Software Engineer - Remote,United States,9d,$173K ,173000.0
Mailprotector,4.6,Software Engineer,Remote,2d,$50.00 Per Hour ,104000.0
Blockit Now Inc,3.8,Elixir Software Engineer,"McKinney, TX",5d,$175K - $250K ,250000.0
TENICA and Associates LLC,4.1,Software Systems Engineer TS/SCI CI poly,"Las Cruces, NM",5d,$55K - $140K ,140000.0
Arch Capital Group Ltd.,3.9,Software Engineer II,"Greensboro, NC",5d,$126K - $234K ,234000.0
Lynker Corporation,3.9,Software Engineer,"Stennis Space Center, MS",30d+,$78K - $129K ,129000.0
YouTube,3.2,"Senior Software Engineer, Full Stack, YouTube","New York, NY",1d,$75K - $102K ,102000.0
Perforce Software,4.2,Senior Software Engineer - US,Remote,2d,$115K - $150K ,150000.0
World Vision USA,3.8,Sr. Software Engineer,United States,16d,$115K - $160K ,160000.0
Featurespace,5.0,Software Engineer,"Atlanta, GA",30d+,$82K - $92K ,92000.0
Bigbear.ai,3.7,Software Engineer,"Columbia, MD",9d,$120K - $130K ,130000.0
"Benistar Administrative Services, Inc.",3.9,AWS Cloud Engineer,"Avon, CT",2d,$86K - $131K ,131000.0
State of Colorado Job Opportunities,4.7,Cloud Engineer (Remote from anywhere in Colorado),Colorado,2d,$92K - $133K ,133000.0
Intellisource Colorado LLC,3.1,Senior Software Engineer - Enterprise People Technology,"Bentonville, AR",3d,$112K - $165K ,165000.0
NBCUniversal,4.4,Post Software Engineer,"Englewood Cliffs, NJ",3d,$145K - $162K ,162000.0
Artera Technologies,4.4,Cloud Software Engineers,United States,6d,$147K - $189K ,189000.0
Thompson Gray Inc.,4.7,Engineer (Software),Redstone Arsenal,30d+,$72K - $159K ,159000.0
Origence,4.0,Software Engineer - CUDL Modernization,Remote,1d,$79K - $111K ,111000.0
Medius,3.6,Software Engineer,"Jacksonville, FL",30d+,$115K - $161K ,161000.0
f5,3.8,Principal Software Engineer,"Seattle, WA",4d,$82K - $102K ,102000.0
CNH Industrial,3.8,Software Engineer II,Remote,2d,$86K - $136K ,136000.0
Fusion Plus Solutions Inc.,3.7,Software Engineers,"Edison, NJ",30d+,$170K - $200K ,200000.0
University of Florida,3.2,Software Engineer I/II,Florida,16d,$90K - $116K ,116000.0
Northwestern Mutual,3.8,Software Engineer,"Franklin, WI",4d,$114K - $152K ,152000.0
Vibrint,3.8,Software Engineer I,"Annapolis Junction, MD",30d+,$80K - $120K ,120000.0
Hubbell Incorporated,3.4,Sr Assoc Software Engineer,"Avon, CT",1d,$95K - $126K ,126000.0
Valkyrie Enterprises,3.8,Junior Computer/Software Engineer (Job ID: 3433),"Huntsville, AL",23d,$138K - $178K ,178000.0
Two Six Technologies,4.5,Software Engineer,"Herndon, VA",30d+,$61K - $147K ,147000.0
Decision Six,3.6,Software Engineer,United States,5d,$124K - $211K ,211000.0
Microsoft,4.4,Software Engineer,"Redmond, WA",4d,$90K - $117K ,117000.0
Ateliere Creative Technologies,4.1,Senior DevOps Engineer - Los Angeles,"Los Angeles, CA",2d,$98K - $209K ,209000.0
OpenAI,3.1,"Software Engineer, Hardware Health","San Francisco, CA",5d,$78K - $121K ,121000.0
Two Six Technologies,2.7,Software Engineer,"Tysons Corner, VA",17d,$100K - $165K ,165000.0
Splunk,3.5,Software Engineer (US Remote Available),Remote,3d,$125K ,125000.0
Sasken,4.1,Software Engineer,United States,6d,$71K - $112K ,112000.0
RealmOne,3.8,Software Engineer,United States,5d,$95K - $152K ,152000.0
The Wolf Works LLC,4.4,Node JS,"Austin, TX",2d,$86K - $105K ,105000.0
Millennium Management,3.8,Software Engineer - C#,"New York, NY",30d+,$135K - $216K ,216000.0
"Aflac, Incorporated",4.0,Software Engineer III,Remote,1d,$93K - $112K ,112000.0
RingCentral,3.9,Software Engineer,"Belmont, CA",24d,$104K - $161K ,161000.0
Dallas Area Rapid Transit,3.7,Software Engineer-BI,"Dallas, TX",30d+,$77K - $121K ,121000.0
W R Systems,3.5,Software Engineer,"Dahlgren, VA",4d,$95K - $134K ,134000.0
"CARECRAFT, INC",3.7,Software Engineer,"Carlsbad, CA",10d,$125K - $178K ,178000.0
SpecialT Tech,3.1,Cloud Engineer Manager,Remote,25d,$76K - $108K ,108000.0
"Hottinger, Bruel & Kjaer",4.5,Software Engineer,"Pompano Beach, FL",30d+,$77K - $116K ,116000.0
"CPS Solutions, LLC",4.1,DevOps Engineer,United States,3d,$82K - $106K ,106000.0
Northwestern Memorial Healthcare,4.2,Software Developers,"Chicago, IL",10d,$86K - $120K ,120000.0
The Swift Group,4.1,Software Engineer,"Columbia, MD",30d+,$96K - $146K ,146000.0
ASUS Computer International,4.9,Software Engineer - AI,"Hillsboro, OR",30d+,$96K - $137K ,137000.0
Persistent Systems,4.6,Workday Software Engineer,United States,9d,$141K - $239K ,239000.0
Cedar Inc,3.3,Software Engineer II (Communications Platform),"New York, NY",20d,$108K - $140K ,140000.0
Salesforce,3.1,Software Engineering MTS,"San Francisco, CA",3d,$40.00 - $55.00 Per Hour ,114400.0
CVS Health,2.4,"Software Developer - C#, .NET","Scottsdale, AZ",3d,$108K - $195K ,195000.0
Nautilus Hyosung America Inc,3.1,Software Engineer,"Irving, TX",3d,$111K - $184K ,184000.0
Blue Origin,4.4,Embedded Flight Software Engineer – New Glenn,"Seattle, WA",2d,$189K - $284K ,284000.0
West Bend Insurance Company,4.9,Software Engineer,"West Bend, WI",1d,$79K - $109K ,109000.0
JBT Corporation,4.1,Software Engineer C#,"Chalfont, PA",15d,$94K - $129K ,129000.0
Cedar Inc,3.1,Software Engineer III (Payment Workflows),"New York, NY",19d,$56K - $83K ,83000.0
Allied Business Consulting,3.8,SOFTWARE DEVELOPERS,"Somerset, NJ",13d,$202K - $290K ,290000.0
"Chick-fil-A, Inc.",2.3,Senior Software Engineer - Backend Development,"Atlanta, GA",11d,$70K - $103K ,103000.0
"US AMR-Jones Lang LaSalle Americas, Inc.",3.8,Software Engineering,"San Francisco, CA",2d,$86K - $121K ,121000.0
Smart IMS,3.8,Software Engineer,"Austin, TX",30d+,$74K - $107K ,107000.0
Clearwater Analytics,4.7,Software Development Engineer,"San Jose, CA",30d+,$81K - $113K ,113000.0
PayPal,3.9,"Software Engineer, Backend","San Jose, CA",2d,$72K - $119K ,119000.0
WALGREENS,4.6,Principal Software Engineer,"Bellevue, WA",1d,$90K - $125K ,125000.0
The Swift Group,3.7,Software Engineer,"McLean, VA",18d,$80K - $150K ,150000.0
Hewlett Packard,3.5,Software Engineer,"Spring, TX",10d,$72K - $144K ,144000.0
Microsoft,4.0,Software Engineer,"Redmond, WA",5d,$70K - $95K ,95000.0
New River Systems Corporation,4.4,SharePoint Software Systems Engineer,Remote,17d,$100K - $140K ,140000.0
"Modern Technology Solutions, Inc.",4.6,Software Engineer - Associate,"Chantilly, VA",11d,$124K - $234K ,234000.0
PQSecure Technologies,3.7,Hardware/Software Engineer,"Boca Raton, FL",30d+,$88K - $119K ,119000.0
ISPA Technology,4.4,Mid to Senior Level Software Engineer,"San Diego, CA",19d,$123K - $198K ,198000.0
OnMed,5.0,Site Reliability Engineer,"Tampa, FL",23d,$158K - $176K ,176000.0
Grote Industries,4.2,Networks - Embedded Software Engineer,"Madison, IN",3d,$160K - $180K ,180000.0
WALGREENS,3.9,DevOps Engineer,"Deerfield, IL",24h,$87K - $119K ,119000.0
Cloud Software Group,4.5,Software Engineer,"Naperville, IL",12d,$97K - $145K ,145000.0
WALGREENS,4.6,"Senior Software Engineer (Full-Stack, Java, JavaScript)","Bellevue, WA",30d+,$89K - $139K ,139000.0
NationMind Infoservices Pvt Ltd,3.6,Software Engineer,Florida,16d,$53K - $103K ,103000.0
Arrowstreet Capital,3.4,Fullstack Software Engineer,"Boston, MA",30d+,$129K - $228K ,228000.0
Favorited,4.8,Full Stack Engineer,"Santa Monica, CA",2d,$150K - $250K ,250000.0
Strategic Thermal Labs,2.5,Software Engineer,"Georgetown, TX",11d,$116K - $163K ,163000.0
IdolSoft,3.3,SOFTWARE DEVELOPER,"Irving, TX",30d+,$104K - $127K ,127000.0
BI Labs,3.1,SOFTWARE DEVELOPERS (834),"Plainsboro, NJ",30d+,$53K - $96K ,96000.0
Verily,3.5,"Software Engineer, Enterprise Frontend","San Bruno, CA",30d+,$60K - $90K ,90000.0
Colonial Pipeline Company,4.4,Software Engineer,"Alpharetta, GA",30d+,$143K - $191K ,191000.0
Leader Communications Inc,4.2,Software Engineer,"Hill AFB, UT",26d,$142K - $162K ,162000.0
UCare,3.3,Software Engineer Sr. â€” Net,"Minneapolis, MN",12d,$89K - $129K ,129000.0
CliftonLarsonAllen,4.8,DevOps Engineer,"Minneapolis, MN",11d,$94K - $156K ,156000.0
Two Six Technologies,3.9,Software Engineer Associate Manager - National General,Remote,4d,$80K - $148K ,148000.0
BAE Systems,3.9,Software Engineer,"Herndon, VA",30d+,$62K - $105K ,105000.0
Nodal Exchange,3.5,Software Engineer (Expert),"Herndon, VA",30d+,$81K - $164K ,164000.0
Gomez & Companies,3.5,Software Engineer (Mid-level),United States,9d,$98K - $145K ,145000.0
"T-Mobile USA, Inc.",3.7,Full Stack Software Engineer & API Developer,"Canoga Park, CA",1d,$157K - $207K ,207000.0
M&T Bank,3.5,Sr Software Engineer - Data,"Bellevue, WA",3d,$133K - $143K ,143000.0
Pressco Technology,4.5,"API Services - Senior Software Engineer - Java, Spring Boot","Buffalo, NY",10d,$79K - $159K ,159000.0
YouTube,3.8,Software Integration & Test Engineer,"Solon, OH",3d,$132K - $190K ,190000.0
ISPA Technology,4.2,"Staff Software Engineer, Machine Learning, YouTube Music","New York, NY",1d,$90K - $143K ,143000.0
Scentsy Inc,4.0,Mid-Level Software Systems Engineer,United States,23d,$101K - $187K ,187000.0
STRATASCORP,3.5,Software Engineer,"Meridian, ID",5d,$58K - $103K ,103000.0
3R Info,3.8,Software Engineer,"Arlington, VA",4d,$125K - $200K ,200000.0
Toyota Research Institute,4.1,Software Engineer in Testing,"Canton, MI",30d+,$168K ,168000.0
Gelber Group,5.0,Senior Software Engineer,"Los Altos, CA",9d,$110K - $143K ,143000.0
"PeopleTec, Inc.",3.5,Software Engineer- Executions Team,"Chicago, IL",20d,$80.00 - $85.00 Per Hour ,176800.0
Ingrain Systems Inc.,3.9,SOFTWARE ENGINEER,"Jamesburg, NJ",20d,$95K - $125K ,125000.0
Carrier,4.7,Software Developers,"Sherman, TX",30d+,$92K - $158K ,158000.0
NCR,4.2,Software Engineer,"Charlotte, NC",3d,$147K - $180K ,180000.0
AnaVation,3.5,Software Engineer IV - Java Fullstack,Indiana,30d+,$75K - $102K ,102000.0
Soar Technology,3.5,Mid-Level Software Engineer – HYBRID!,"Quantico, VA",30d+,$60K - $112K ,112000.0
Red Ventures,3.1,Autonomy Software Engineer,"Ann Arbor, MI",2d,$108K - $151K ,151000.0
CVS Health,4.1,Software Engineer | The Points Guy,"San Juan, PR",2d,$123K - $196K ,196000.0
"Messenger, LLC",4.4,Software Development ITAM Engineer,"Lansing, MI",5d,$116K - $166K ,166000.0
Nelnet,3.5,Software Developer,"Auburn, IN",3d,$59K - $107K ,107000.0
Slate Magazine,4.8,IT Software Engineer- NBS,"Lincoln, NE",24d,$104K - $163K ,163000.0
Adobe,3.5,Software Engineer,"Washington, DC",30d+,$68K - $80K ,80000.0
Airgas,4.1,Software Engineer,"Lehi, UT",12d,$83K - $107K ,107000.0
Umbra,3.9,Firmware Engineer,"Cheshire, CT",2d,$109K - $209K ,209000.0
Uber,3.8,Senior Software Engineer,"Santa Barbara, CA",5d,$97K - $197K ,197000.0
Collaborative Robotics,3.7,Software Engineer II - Uber Eats,"San Francisco, CA",27d,$57K - $96K ,96000.0
Werfen,3.3,"Software Engineer, Robotics","Santa Clara, CA",8d,$98K - $145K ,145000.0
Snapchat,4.3,"Software Development Engineer in Test, Digital Solutions","Bedford, MA",19d,$66K - $90K ,90000.0
"Canon Medical Research USA, Inc",3.7,"C++ Graphics Engineer, 1+ Years of Experience","New York, NY",2d,$55.00 - $60.00 Per Hour ,124800.0
Raytheon,4.0,Software Engineer,"Cambridge, MA",2d,$79K - $168K ,168000.0
Snapchat,3.8,Junior Software Engineer,"Annapolis Junction, MD",6d,$102K - $174K ,174000.0
Hudson River Trading,3.9,"Software Engineer, C++, 3+ Years of Experience","Los Angeles, CA",4d,$73K - $108K ,108000.0
Whisker,4.3,Systems Software Engineer,"New York, NY",30d+,$110K - $190K ,190000.0
Mastercard,3.1,Senior Software Engineer,"Auburn Hills, MI",30d+,$94K - $137K ,137000.0
Savannah River Mission Completion,3.6,SoftWare Engineer II,"O Fallon, MO",8d,$89K - $113K ,113000.0
Mill-Max,3.8,Associate Software Developer,"Aiken, SC",9d,$80K - $100K ,100000.0
Disney Entertainment & ESPN Technology,3.8,SOFTWARE ENGINEER TRAINEE,"Oyster Bay, NY",24d,$128K - $179K ,179000.0
Coca-Cola,4.2,Sr Software Engineer,"Seattle, WA",1d,$74K - $125K ,125000.0
Kaleido,4.1,Staff Software Engineer,"Atlanta, GA",4d,$90K - $187K ,187000.0
M&T Bank,3.7,Full Stack Engineer,"Raleigh, NC",5d,$143K - $256K ,256000.0
Lufburrow & Co,3.4,"Software Engineer - API, Java, Spring Boot","Buffalo, NY",30d+,$114K - $145K ,145000.0
Boost Tech,4.1,Software Engineer - Hybrid,"Havre de Grace, MD",30d+,$101K - $155K ,155000.0
BAE Systems,3.9,Senior Software Engineer (CRM),Remote,2d,$84K - $128K ,128000.0
VANTACA,4.5,Test Software Engineer,"Nashua, NH",4d,$100.00 Per Hour ,208000.0
Veracity Engineering,4.6,Software Engineer (multiple openings),"Fort Collins, CO",18d,$99K - $137K ,137000.0
AppLovin,4.7,SOFTWARE ENGINEER,"Washington, DC",5d,$15.69 Per Hour ,32635.2
M&T Bank,4.1,"Software Engineer II, C++ Backend","Palo Alto, CA",5d,$141K - $211K ,211000.0
CVS Health,4.2,Software Engineer II,"Wilmington, DE",30d+,$76K - $128K ,128000.0
Microsoft,4.1,Junior Software Developer (Java & Azure Cloud),"Woonsocket, RI",2d,$93K - $129K ,129000.0
Honda Research Institute USA,4.2,Senior Software Engineer,"Boston, MA",30d+,$86K - $145K ,145000.0
Activision,4.0,Software Engineer for Mobile Robots,"San Jose, CA",13d,$67K - $112K ,112000.0
thatgamecompany,3.6,Senior Software Engineer,"Santa Monica, CA",9d,$116K - $150K ,150000.0
BNY Mellon,4.0,Build Engineer,California,4d,$85K - $115K ,115000.0
Recruiting From Scratch,3.6,"Vice President, Back-End Engineer I","Lake Mary, FL",2d,$90K - $115K ,115000.0
"Akina, Inc.",3.9,Founding Software Engineer,"San Francisco, CA",3d,$92K - $156K ,156000.0
Vonnen,4.8,Software Engineer - 1 (Kubernetes/Python),"Annapolis Junction, MD",18d,$150K - $200K ,200000.0
Capgemini,4.5,Software Engineer,"Santa Clara, CA",9d,$95K - $147K ,147000.0
"Stefanini, Inc",3.6,Software Engineer - Redis,"Irving, TX",2d,$102K - $148K ,148000.0
Infosys,4.7,Software Engineer,"Dearborn, MI",25d,$40.00 - $60.00 Per Hour ,124800.0
"Link, LLC",4.9,Release Engineer,"Chicago, IL",9d,$86K - $109K ,109000.0
Autodesk,3.9,"Golang Software Engineer (VISTA BIGHITTER), BS+7, Telework","Annapolis Junction, MD",11d,$87K - $125K ,125000.0
BCT LLC,3.9,"Software Development Engineer, Platform Services",Oregon,6d,$75.00 - $80.00 Per Hour ,166400.0
JPMorgan Chase & Co,4.8,Software Engineer (ID),United States,4d,$142K - $183K ,183000.0
WR Systems,4.2,Software Engineer,"Jersey City, NJ",2d,$77K - $125K ,125000.0
Acuity Brands,3.5,Software Engineer,"Dahlgren, VA",3d,$162K - $244K ,244000.0
Cisco Systems,4.1,Software Engineer,"Conyers, GA",3d,$85K - $104K ,104000.0
WALGREENS,3.3,Software QA Engineer,"San Jose, CA",12d,$140K - $145K ,145000.0
"Vivint, Inc.",3.8,Senior Software Engineer,"Deerfield, IL",2d,$95K - $130K ,130000.0
Caelum Research Corporation,4.1,Sr. Software Engineer,"Lehi, UT",4d,$90K - $150K ,150000.0
Oracle,4.5,Software Engineer,"Carlisle, PA",22d,$140K - $150K ,150000.0
Fidelity Investments,3.8,Software Developer,"Redwood City, CA",24h,$183K - $297K ,297000.0
Colorado State University,4.5,Cloud Engineer,"Westlake, TX",9d,$120K - $140K ,140000.0
Bayer,2.3,Application Programmer Analyst/Developer I,"Fort Collins, CO",5d,$97K - $129K ,129000.0
USAA,3.9,Software Engineer II,"Indianola, PA",12d,$50K - $90K ,90000.0
Accenture Federal Services,3.1,Senior React/Javascript Software Engineer,"San Antonio, TX",1d,$74K - $122K ,122000.0
Gundersen Health System,5.0,Software Engineer,"Lorton, VA",13d,$85K - $150K ,150000.0
"JRC Integrated Systems, LLC",3.9,Software Engineer | Front End Developer,"Onalaska, WI",30d+,$82K - $114K ,114000.0
XL Softek,3.9,Software Engineer,"Washington, DC",11d,$107K - $150K ,150000.0
kasmo cloud solutions,4.0,Software Engineers,"Suwanee, GA",30d+,$215K - $220K ,220000.0
"ICR, Inc.",4.2,Software Engineer,"Carol Stream, IL",5d,$90K - $180K ,180000.0
Workday,4.0,"Software Engineer - Front End (Dashboard) - Aurora, CO","Aurora, CO",30d+,$130K - $160K ,160000.0
360care,3.0,"Sr Associate Software Engineer, Database as a Service","Atlanta, GA",5d,$75K - $126K ,126000.0
Amex,3.5,Software Engineer,"Louisville, KY",30d+,$79K - $119K ,119000.0
DKW Communications,3.5,Senior Engineer - Java - GO2 Unify,"Sunrise, FL",30d+,$125K - $150K ,150000.0
"SICK, Inc.",4.1,Senior Software Engineer,"Point Mugu NAWC, CA",4d,$77K - $102K ,102000.0
Antithesis,3.2,Software Engineer II,"Minneapolis, MN",3d,$102K - $138K ,138000.0
Rekuten Global,3.9,Junior Ruby on Rails Engineer,Remote,3d,$115K - $155K ,155000.0
Tencent,4.0,Senior Software Engineer,"Vienna, VA",2d,$84K - $132K ,132000.0
RealmOne,4.1,Software Engineer,"Beloit, WI",30d+,$80.00 Per Hour ,166400.0
Zoox,4.1,Security Software Engineer I,"Palo Alto, CA",6d,$80K - $108K ,108000.0
CyberCore Technologies,4.3,Software Engineer 1,Maryland,30d+,$148K - $230K ,230000.0
Synergy ECP,4.1,"Software Engineer, Workflow Orchestration","Foster City, CA",30d+,$81K - $101K ,101000.0
Innovative Defense Technologies (IDT),3.9,Software Engineer 3,"Annapolis Junction, MD",19d,$65K - $112K ,112000.0
VETERANS ENGINEERING INCORPORATED,4.1,Backend Python Software Engineer,"Annapolis Junction, MD",30d+,$88K - $117K ,117000.0
Solvere Technical Group,3.6,Software Engineer,"Fall River, MA",30d+,$10K - $20K ,20000.0
"IRALOGIX,Inc",3.9,Cloud Engineer,United States,10d,$111K - $153K ,153000.0
Nava,3.8,Software Engineer,"Indian Head, MD",2d,$91K - $126K ,126000.0
f5,3.6,Senior Software Engineer,"Pittsburgh, PA",4d,$125K - $140K ,140000.0
BAE Systems,4.5,Sr. Software Engineer,Remote,2d,$66K - $116K ,116000.0
Synergy ECP,3.4,Software Engineer III,"San Jose, CA",19d,$108K - $146K ,146000.0
GE HEALTHCARE,4.0,"Engineer, Junior Software","Lexington Park, MD",30d+,$90K - $130K ,130000.0
TC Energy,2.4,Software Engineer,"Annapolis Junction, MD",30d+,$80K - $90K ,90000.0
Principal Financial Group,4.3,"Senior Software Engineer (Hybrid, Onsite)","Milwaukee, WI",3d,$86K - $119K ,119000.0
Schlumberger,3.4,New Engineer-in-Training (NET) Rotational Program,"Houston, TX",6d,$120K - $250K ,250000.0
JBT Corporation,4.6,Back End Software Engineer,"Houston, TX",9d,$55K - $90K ,90000.0
FLASH Technology Group,4.2,Software Engineer,"San Mateo, CA",30d+,$84K - $157K ,157000.0
Innovative Defense Technologies (IDT),3.7,DevOps Engineer,"Chalfont, PA",30d+,$96K - $128K ,128000.0
Fairfax County Public Schools,4.2,Software Engineer I,"Laurel, MD",30d+,$106K - $125K ,125000.0
Scholarly,4.5,Software Engineer,United States,5d,$81K - $123K ,123000.0
Innovative Defense Technologies (IDT),3.0,Software Engineer (One Year Only),"Wilton Woods, VA",30d+,$92K - $131K ,131000.0
Burst Inc.,2.0,Software Engineer,"Seattle, WA",9d,$115K - $166K ,166000.0
USN Technical Associates,3.9,DevSecOps Software Engineer,"Fall River, MA",5d,$113K - $161K ,161000.0
SNC,2.8,Video Software Engineer,"Lexington, MA",11d,$160K - $385K ,385000.0
Decision Six,4.1,Contract Software Engineer,"Los Angeles, CA",5d,$62K - $102K ,102000.0
Laiba Technologies,4.4,Software Engineer II,"Southern Pines, NC",1d,$73K - $110K ,110000.0
Teamups,4.4,DevOps Engineer,"Newtown Square, PA",5d,$200K - $370K ,370000.0
Delta Dental Ins.,4.0,DO178C Software Engineer,"Everett, WA",30d+,$93K - $147K ,147000.0
Valkyrie Enterprises,4.1,Senior Software Engineer,"Seattle, WA",30d+,$69K - $107K ,107000.0
UiPath,3.7,Expert Software Engineer,"Alpharetta, GA",1d,$50K - $60K ,60000.0
Atlas Copco Tools & Assembly Systems LLC,3.7,Software Engineer (Job ID:3425),"Huntsville, AL",27d,$70K - $108K ,108000.0
ANB Sourcing LLC,3.8,Senior Software Engineer,"Bellevue, WA",9d,$102K - $134K ,134000.0
McIntire Solutions,4.5,Software Engineer,"Auburn Hills, MI",13d,$103K - $133K ,133000.0
Pennymac,4.6,Azure DevOps Engineer || Full time job.,Remote,2d,$50.00 Per Hour ,104000.0
Literati,3.7,Software Systems Engineer/DevOps Engineer,"Chantilly, VA",18d,$84K - $110K ,110000.0
"Rochester Software Associates, Inc.",4.1,Clojure Software Engineer,"Agoura Hills, CA",4d,$66K - $94K ,94000.0
Plaid,3.7,WordPress Full Stack Engineer (React),Texas,1d,$102K - $149K ,149000.0
TigerGraph,3.9,C# Software Developer,United States,10d,$187K - $197K ,197000.0
"Garmin International, Inc.",3.7,Experienced Software Engineer - Scaled Access,"New York, NY",30d+,$70K - $96K ,96000.0
Resilio Inc.,4.4,Software Engineer,"Redwood City, CA",5d,$100K - $110K ,110000.0
Candid,3.7,Software Certification Engineer 1 - Software Quality,"Salem, OR",25d,$83K - $116K ,116000.0
Amex,4.3,Technical Support Engineer (Endpoint Software),Virginia,9d,$100K - $250K ,250000.0
Radiance Technologies,4.4,Ecosystems Software Engineer,United States,17d,$100K - $115K ,115000.0
Fabletics,3.6,Engineer,"Phoenix, AZ",2d,$64K - $101K ,101000.0
Delta Dental Ins.,3.7,R&D Software Engineer,"Stennis Space Center, MS",30d+,$66K - $68K ,68000.0
Fractal Analytics,4.1,Sr. Software Engineer,California,24d,$79K - $117K ,117000.0
Microchip Technology,2.4,Expert Software Engineer,"Oakland, CA",1d,$140K ,140000.0
York Space Systems,4.2,Software Development Engineer,California,30d+,$118K - $169K ,169000.0
Software Productivity Strategists,3.3,Sr. Full Stack Software Engineer,"Greenwood Village, CO",3d,$130K - $270K ,270000.0
NeuroPace,4.2,Software Engineer,"Lincoln, NE",30d+,$110K - $157K ,157000.0
OceanFrogs,2.5,Software Engineer,"Rockville, MD",30d+,$93K - $130K ,130000.0
"iconectiv, LLC.",3.5,Full Stack Software Engineer,"Mountain View, CA",7d,$120K - $140K ,140000.0
The Aerospace Corporation,3.9,Full Stack Software Developer,"Duluth, GA",30d+,$94K - $160K ,160000.0
Fetch Package,4.8,Software Engineer (Oracle Database Expertise),"Bridgewater, NJ",4d,$101K - $144K ,144000.0
Zenith Services,4.7,Data Engineer / Software Engineer,"Chantilly, VA",30d+,$108K - $156K ,156000.0
Matthews International Corporation,3.9,Lead Front-End Software Engineer,"Austin, TX",4d,$74K - $100K ,100000.0
Oracle,2.9,React Native Engineer,"Bentonville, AR",30d+,$73K - $100K ,100000.0
NVIDIA,4.0,Software Engineer,"Apopka, FL",3d,$112K - $196K ,196000.0
PingWind,4.0,Software Developer,United States,1d,$98K - $137K ,137000.0
Versaterm,3.5,Senior Full-Stack Web Applications Software Engineer,"Santa Clara, CA",1d,$80K - $94K ,94000.0
Apollo Technology Solutions LLC,4.3,Software Developer*,"Scott Air Force Base, IL",9d,$89K - $130K ,130000.0
Navrit Creation,3.6,Software Engineer,"Lexington, SC",16d,$78K - $131K ,131000.0
Amazon.com Services LLC,5.0,Sr. Front End Engineer (React),"Charlotte, NC",2d,$65K - $107K ,107000.0
Schneider Electric,3.6,Freelance Web Developer,"Colony, AL",1d,$130K - $300K ,300000.0
Akira Technologies Inc.,3.7,"Software Dev Engineer, Modeling Software","Boston, MA",10d,$66K - $98K ,98000.0
CTC Group,4.2,Systems Application Engineer II - Software,"Secaucus, NJ",1d,$153K - $225K ,225000.0
Space Coast Intelligent Solutions,3.9,ServiceNow Software Engineer,"Washington, DC",9d,$69K - $103K ,103000.0
Credo,3.9,Python Developer,"Fort Meade, MD",6d,$83K - $114K ,114000.0
9th networks Inc,4.4,Software Engineer IV,"Melbourne, FL",30d+,$107K - $174K ,174000.0
Tuvoli,3.1,System Software Engineer,"San Jose, CA",3d,$78K ,78000.0
Walter P Moore,4.1,Go Lang/Platform Engineer,"Jersey City, NJ",3d,$175K - $265K ,265000.0
LinQuest Corporation,3.9,Senior Software Engineer,Massachusetts,16d,$53K - $107K ,107000.0
CodeSignal,3.8,Front-end Software Developer,"Washington, DC",17d,$60.00 - $80.00 Per Hour ,166400.0
Hewlett Packard,5.0,Software Engineer,"Beavercreek, OH",30d+,$86K - $128K ,128000.0
Dupli Envelope & Graphics,4.8,"Software Engineer, Innovation Lab","San Francisco, CA",18d,$165K - $215K ,215000.0
Coinbase,4.2,Software Quality Engineer,"Fort Collins, CO",10d,$165K - $215K ,215000.0
LSEG (London Stock Exchange Group),4.0,Software Support Engineer,"Syracuse, NY",3d,$102K - $138K ,138000.0
Inabia Software & Consulting Inc.,3.8,Software Engineer,Remote,12d,$76K - $175K ,175000.0
PMall,4.5,Full Stack Engineer,"Washington, DC",30d+,$96K - $118K ,118000.0
Alloy,4.0,Software Developer,"Bellevue, WA",30d+,$86K - $129K ,129000.0
QinetiQ US,3.9,Front-End Developer,"Burr Ridge, IL",10d,$160K - $385K ,385000.0
Caterpillar,4.0,Solutions Engineer,United States,3d,$184K - $337K ,337000.0
"Jason Pharmaceuticals, Inc.",4.0,Software Engineer,"McLean, VA",9d,$127K - $184K ,184000.0
IntelliBridge LLC,3.6,Software Engineer,"Peoria, IL",2d,$79K - $130K ,130000.0
Snyk,3.4,Sr Software Engineer,"Lehi, UT",10d,$120K - $207K ,207000.0
OpenAI,4.2,Software Engineer,"Washington, DC",10d,$112K - $152K ,152000.0
Vertex Professional Service LLC,2.7,Senior Software Engineer (Typescript/Go),"Boston, MA",2d,$130K - $158K ,158000.0
"deciBel Research, Inc.",2.7,"Software Engineer, Backend","San Francisco, CA",5d,$103K - $172K ,172000.0
OpenAI,4.4,"Software Engineer II (inSITE) - ""W-TRS""","Orlando, FL",2d,$82K - $209K ,209000.0
COMSOL Inc.,3.1,Mid-Level Software Engineer,"Huntsville, AL",25d,$116K - $174K ,174000.0
Infosys,3.8,"Full Stack Engineer, Leverage Engineering","San Francisco, CA",6d,$130K - $165K ,165000.0
Hero Facility Services,3.8,Software Developer – Ray Optics,"Burlington, MA",4d,$150K - $185K ,185000.0
QED Systems LLC,3.9,Junior Python Developer,"Charlotte, NC",2d,$98K - $209K ,209000.0
Kasasa,4.4,Entry Level Developer,"Melbourne, FL",3d,$102K - $204K ,204000.0
"Delta Air Lines, Inc.",3.7,SOFTWARE ENGINEER,"Aberdeen Proving Ground, MD",30d+,$125K - $140K ,140000.0
HAN IT,3.6,Senior Software Engineer (Hybrid),"Austin, TX",11d,$108K - $216K ,216000.0
Innovative Solutions and Support,3.9,Software Development Engineer,"Atlanta, GA",3d,$79K - $116K ,116000.0
Promega,4.8,Python Developer,"Morris Plains, NJ",3d,$67K - $128K ,128000.0
Revenue Management Solutions Llc,3.7,Software Verification Engineer,"Exton, PA",12d,$129K - $162K ,162000.0
Cityblock Health,3.8,"Software Engineer, Instrumentation","Madison, WI",16d,$90K - $110K ,110000.0
Astrion,3.7,DevOps Engineer,"Oklahoma City, OK",12d,$117K - $306K ,306000.0
Diverse Career Solutions,3.4,Staff Software Engineer,New York State,9d,$100K - $115K ,115000.0
Synergy ECP,4.2,Software Developer,"Eglin AFB, FL",17d,$87K - $142K ,142000.0
"ICR, Inc.",4.0,Sr. Software Engineer,Remote,3d,$92K - $132K ,132000.0
Broadridge,3.8,Software Engineer,"Columbia, MD",30d+,$105K - $160K ,160000.0
Zurn Elkay Water Solutions,5.0,"Software Systems Engineer - Mason, OH","Mason, OH",30d+,$144K - $196K ,196000.0
Florida State College at Jacksonville,4.2,Deployment Engineer (Hybrid),"Newark, NJ",9d,$69K - $91K ,91000.0
Q9Software,3.1,IoT Engineer,"Milwaukee, WI",27d,$80K - $110K ,110000.0
JPMorgan Chase & Co,3.8,Engineer IV Software,"Jacksonville, FL",27d,$100K - $153K ,153000.0
The Bank of New York Mellon Corporation,3.4,Entry Level to Senior Level Software Developers,"Germantown, MD",30d+,$170K - $200K ,200000.0
Cisco Systems,4.5,Software Engineer,"Jersey City, NJ",4d,$87K - $124K ,124000.0
Grand Canyon Education,4.0,2025 BNY Summer Internship Program - Engineering (Developer),"Pittsburgh, PA",6d,$185K - $206K ,206000.0
Captivation Software,3.3,Software Engineer,"San Jose, CA",30d+,$80K - $133K ,133000.0
DocuSign,4.6,Jr. Developer,"Phoenix, AZ",3d,$90K - $127K ,127000.0
"Canon Medical Research USA, Inc.",3.6,Software Engineer 0 - Java/React/Docker/AWS,"Annapolis Junction, MD",30d,$108K - $199K ,199000.0
Standard Bots,2.5,AI SaaS Engineer,"San Francisco, CA",1d,$62K - $102K ,102000.0
American AgCredit,4.1,Software Engineer,"Boston, MA",1d,$85K - $104K ,104000.0
KAPSCH,4.0,Software Quality Engineer,"Glen Cove, NY",11d,$73K - $127K ,127000.0
Prevail,3.9,DevOps Engineer,Remote,2d,$100K - $140K ,140000.0
DCS Corp,4.8,Software Engineer,"Chantilly, VA",30d+,$160K - $194K ,194000.0
Consensus Health,3.9,Software Engineer Video,"San Francisco, CA",5d,$107K - $145K ,145000.0
Rippling,4.2,Software Engineer,"Dayton, OH",3d,$74K - $131K ,131000.0
ACI Worldwide,4.0,Associate Software Engineer,"Lenexa, KS",5d,$240K ,240000.0
"Engineering Technology Associates, Inc.",5.0,Full Stack Engineer II (Frontend) - Benefits,"San Francisco, CA",2d,$16.00 - $46.00 Per Hour ,95680.0
Fusion Innovation,5.0,Software Engineer - Hybrid,"Norcross, GA",3d,$70K - $120K ,120000.0
"Clarity Innovations, LLC",4.1,Software Test Engineer,"Dearborn, MI",1d,$160K - $225K ,225000.0
RippleMatch Opportunities,3.9,Software Engineer,"Herndon, VA",30d+,$99K - $134K ,134000.0
Power3 Solutions and Partnering Companies,3.5,Jr. Java Software Engineer (SWE1) (PP) 228,"Annapolis Junction, MD",30d+,$102K - $143K ,143000.0
Datadog,3.9,"IMC - Software Engineer, application via RippleMatch","Chicago, IL",4d,$150K - $240K ,240000.0
PACCAR,4.2,Python Engineer,"Annapolis Junction, MD",10d,$160K - $170K ,170000.0
Front,4.1,Senior Software Engineer - Frontend - Sheets,United States,11d,$144K - $200K ,200000.0
Northrop Grumman,4.1,Vehicle Software and Diagnostics Tool Test Engineer,"Mount Vernon, WA",4d,$110K - $120K ,120000.0
Pegasystems,4.1,"Backend Software Engineer, Deliverability","San Francisco, CA",4d,$165K - $211K ,211000.0
Lawrence Berkeley National Laboratory,3.6,2024 Associate Software Engineer - Linthicum MD,"Linthicum, MD",1d,$92K - $116K ,116000.0
Cargill,3.5,"Associate Software Engineer, Services Engineering","Waltham, MA",3d,$65.00 Per Hour ,135200.0
Zoox,3.9,Optimization Software Engineer,"San Francisco, CA",30d+,$66K - $132K ,132000.0
GLOBALFOUNDRIES,3.7,"Associate Software Engineer - Technology Development Program, Summer 2025 - Atlanta, GA","Atlanta, GA",1d,$140K - $175K ,175000.0
TRU47,4.8,Software Engineer - Perception ML Ops,"Boston, MA",30d+,$169K - $225K ,225000.0
Schneider Electric,4.1,"Design Enablement Engineer, Software Engineering AI/Machine Learning (2024 New College Graduate)","Malta, NY",23d,$61K - $95K ,95000.0
Gopuff,3.2,Shopify Webmaster,Remote,3d,$90K - $125K ,125000.0
Gopuff,3.6,Software Development Test Engineer - Electrical IoT Devices,"Foxborough, MA",1d,$162K - $284K ,284000.0
Camelot Integrated Solutions Inc.,3.9,Senior Software Engineer - Delivery Tech,"Miami, FL",17d,$91K - $137K ,137000.0
CVS Health,5.0,Senior Software Engineer - Warehouse,"Miami, FL",17d,$160K - $175K ,175000.0
BOEING,4.6,Senior Software Engineer I,"Houston, TX",30d+,$177K - $323K ,323000.0
Publix,3.4,Software Engineer - Enterprise Identity Services,"Hartford, CT",11d,$133K - $193K ,193000.0
Experian,4.9,Software Engineer - Junior Level,"Annapolis Junction, MD",11d,$81K - $99K ,99000.0
OpenAI,4.3,Software Engineer – Customer Payments Support,"Lakeland, FL",20d,$85K - $95K ,95000.0
ByteDance,3.6,Staff Software Engineer (Remote),Texas,3d,$180K - $339K ,339000.0
Alterra Mountain Company,4.2,"Software Engineer, Full Stack","San Francisco, CA",6d,$163K - $200K ,200000.0
Experian,3.8,Senior Frontend Software Engineer - Customer Service Plateform - Seattle,"Seattle, WA",30d+,$85K - $150K ,150000.0
"Clarity Innovations, LLC",3.4,"Software Engineer, Mobile (React Native)","Denver, CO",13d,$80K - $110K ,110000.0
Amazon Advertising LLC,3.4,Senior Software Engineer (Remote),California,3d,$93K - $128K ,128000.0
BOEING,4.1,Junior Software Engineer (SWE1) (QC) TTO16-022,"Annapolis Junction, MD",30d+,$112K - $154K ,154000.0
Bose,4.1,"Software Quality Assurance Engineer (Level 6), Automotive",United States,11d,$155K - $221K ,221000.0
Macy’s,4.1,Front End/UI Mid-Level Software Engineer,"Annapolis Junction, MD",16d,$102K - $132K ,132000.0
Microsoft,5.0,DSP Software Engineer,"Framingham, MA",30d+,$80K - $111K ,111000.0
DraftKings,4.1,Lead Software Engineer - Supply Chain,"Johns Creek, GA",2d,$187K - $280K ,280000.0
GE Appliances,4.0,Software Engineer,"Redmond, WA",30d+,$105K - $155K ,155000.0
Quantum Systems Inc,4.1,"Senior Software Engineer, IOS",Remote,18d,$92K - $120K ,120000.0
"Kaseware, Inc.",4.1,Software Engineering Co-op_Summer 2025,"Louisville, KY",30d+,$230K - $280K ,280000.0
Microsoft,4.1,Software Engineer,"Moorpark, CA",19d,$94K - $128K ,128000.0
CVS Health,4.2,Software Engineer,"Denver, CO",27d,$129K ,129000.0
JBT Corporation,4.6,Software Engineer II - Automated Reasoning and Testing,"Redmond, WA",5d,$80K - $180K ,180000.0
Fanatics Inc.,3.9,Sr Software Development Engineer,"Buffalo Grove, IL",3d,$93K - $129K ,129000.0
Innovative Defense Technologies (IDT),4.1,Senior Software Engineer C++,"Chalfont, PA",30d+,$105K - $190K ,190000.0
Microchip Technology,4.0,"Software Engineer II, (Java/AWS)",United States,12d,$139K - $169K ,169000.0
"Crunchyroll, LLC",4.2,Frontend Software Engineer,"Mount Laurel, NJ",5d,$54K - $98K ,98000.0
Accrete.AI,3.7,Engineer I-Software,"San Jose, CA",23d,$55K - $186K ,186000.0
Roku,3.8,"Software Engineer III, Android","Culver City, CA",30d+,$101K - $139K ,139000.0
Early Warning Services,3.6,Machine Learning Engineer (Early Career),"New York, NY",19d,$88K - $120K ,120000.0
Workday,5.0,"Senior Software Engineer, Service Mesh","Boston, MA",5d,$129K - $202K ,202000.0
Grainger,4.1,"Software Engineer - Java, Zelle","Scottsdale, AZ",1d,$70K - $115K ,115000.0
Costco Wholesale,4.7,Front-End Engineer - Content Platform,"Boulder, CO",30d+,$91K - $134K ,134000.0
Mochi Health,3.5,Software Engineer IV (Success Factors - Employee Central Payroll),"Lake Forest, IL",1d,$92K - $124K ,124000.0
Jacobs,4.2,Software Engineer - Digital Data Products,"Seattle, WA",10d,$115K - $190K ,190000.0
Boeing Intelligence & Analytics,4.2,"Senior Software Engineer, Frontend","San Francisco, CA",7d,$94K - $139K ,139000.0
NetApp,4.0,Software Test Engineer,"Kennedy Space Center, FL",30d+,$140K - $216K ,216000.0
Alphataraxia,3.9,Entry Level Software Engineer,"Annapolis Junction, MD",4d,$90K - $103K ,103000.0
DaqScribe Solutions,4.7,Software Engineer - C/C++,"San Jose, CA",10d,$95K - $170K ,170000.0
BOEING,4.0,Senior Software Engineer,"Washington, DC",30d+,$343K - $637K ,637000.0
Honeywell,4.8,Software Engineer,United States,10d,$172K - $223K ,223000.0
State Street,3.4,"Software Engineer II - .Net, C#, Azure","Phoenix, AZ",13d,$93K - $186K ,186000.0
"Garmin International, Inc.",3.9,Senior Software Engineer - Courier Pricing,"New York, NY",1d,$83K - $110K ,110000.0
Adobe,4.5,"Software Quality Assurance Engineer, Assistance Vice President","Quincy, MA",30d+,$120K ,120000.0
Honeywell,5.0,Embedded Software Engineer,"Salem, OR",11d,$88K - $140K ,140000.0
Honeywell,4.3,Software Development Engineer,"Lehi, UT",20d,$95K - $136K ,136000.0
Johns Hopkins University,4.8,Software Engineering/Electrical Engineering Co-op - Fall 2024 (US Persons),"Mason, OH",27d,$100K - $130K ,130000.0
University of Vermont,4.1,Software Engineer II,"Mason, OH",5d,$159K - $175K ,175000.0
Federal Reserve Bank of Dallas,3.5,Software Engineer,"Baltimore, MD",30d+,$104K - $348K ,348000.0
"Grammarly, Inc.",4.0,Research Software Engineer,"Burlington, VT",4d,$98K - $209K ,209000.0
SCD Information Technology,3.9,Software Engineer,"Dallas, TX",23d,$78K - $104K ,104000.0
Clarity Innovations,4.0,"Software Engineer, Data Engineering",United States,4d,$100K ,100000.0
"Akina, Inc.",4.0,Sr. Software Engineer,"Columbia, MD",1d,$64K - $128K ,128000.0
Volvo Group,3.9,Software Engineer - Level 1 (RR) RRTN-8319,"Annapolis Junction, MD",30d+,$117K - $216K ,216000.0
Calspan Corporation,3.7,Software Engineer - 3 (JavaScript/Go/Python),"Annapolis Junction, MD",3d,$135K - $247K ,247000.0
Zoox,4.2,Co-Op: Software (Spring 2025),"Shippensburg, PA",11d,$83K - $136K ,136000.0
"Garmin International, Inc.",3.8,"Associate Software Engineer, Edwards Air Force Base","Edwards AFB, CA",26d,$85K - $130K ,130000.0
Root//Source,3.5,Software Engineer - Rider Support Tools,"Foster City, CA",30d+,$99.00 Per Hour ,205920.0
"HireIO, Inc.",3.6,Senior Software Engineer - Aviation Databases,"Olathe, KS",30d,$73K - $88K ,88000.0
PAC GROUP LLC,3.5,Full Stack Java Software Engineer (hybrid),"Annapolis Junction, MD",12d,$59K - $88K ,88000.0
Fanatics Inc.,3.0,Software Engineer,"San Jose, CA",12d,$105K - $146K ,146000.0
Emergent Software,4.1,Software and Systems Engineer,"Suffolk, VA",30d+,$70K - $125K ,125000.0
Harvard University,4.1,Sr Software Engineer (Back-end),"New York, NY",18d,$62K - $98K ,98000.0
Zoox,4.9,Software Engineer (Python),United States,4d,$82K - $119K ,119000.0
Intone Networks,3.8,"Sr. Software Engineer, HBS Online","Boston, MA",30d+,$80K - $113K ,113000.0
CARTIKTECH LLC,4.1,Software Development Engineer in Test,"Foster City, CA",6d,$67K - $106K ,106000.0
Abbott Laboratories,3.9,Software Engineer,"Austin, TX",19d,$144K - $200K ,200000.0
Prove,3.4,Senior Software Engineer,"Chicago, IL",4d,$129K - $224K ,224000.0
Fanatics Inc.,3.5,Software Engineer II,"Sylmar, CA",30d+,$169K ,169000.0
Schweitzer Engineering Laboratories,4.2,"Senior Software Engineer, Orchestration Team","Chicago, IL",6d,$45.66 - $54.99 Per Hour ,114379.2
Themis Insight,3.9,Software Engineer III,"New York, NY",30d+,$130K - $270K ,270000.0
World Vision USA,4.9,Associate Software Engineer - C# Emphasis,"Pullman, WA",30d+,$140K - $180K ,180000.0
Rippling,3.7,Jr. Software Engineer - Hybrid/Remote,Remote,2d,$69K - $98K ,98000.0
Hop Labs,4.2,Software Development Engineer III,United States,16d,$59K - $86K ,86000.0
"Hawaiian Airlines, Inc.",3.2,Staff Software Engineer - Documents,United States,2d,$80K - $123K ,123000.0
NetApp,3.9,ML Software Engineer,Remote,30d+,$105K - $152K ,152000.0
Quantum Systems Inc,4.1,"Software Developer Engineer, IT Technical Operations","Honolulu, HI",10d,$135K - $175K ,175000.0
Salesforce,3.9,Software Engineer,Remote,10d,$154K - $279K ,279000.0
Visa,3.7,Software Engineer Lead,"Moorpark, CA",12d,$86K - $145K ,145000.0
Honeywell,3.6,Full-Stack Software Engineer – LMTS / PMTS,"San Francisco, CA",30d+,$104K - $348K ,348000.0
Oliver Wyman Group,3.4,Software Engineer – Senior Consultant Level - Tink,"Austin, TX",4d,$76K - $155K ,155000.0
NVIDIA,2.5,Software Engineer I,"Richardson, TX",30d+,$83K - $114K ,114000.0
Morgan Stanley,4.4,NERA Associate Software Engineer,"White Plains, NY",30d+,$155K - $221K ,221000.0
Amex,4.5,System Software Engineer – Autonomous Vehicles Platform,"Santa Clara, CA",30d+,$100K - $200K ,200000.0
Multi State Lottery Association,4.0,"Associate, Python / Perl Dev","Alpharetta, GA",10d,$83K - $110K ,110000.0
EOG Resources,3.4,"Backend Software Engineer, Digital Banking-Payments","Phoenix, AZ",6d,$99K ,99000.0
BAXTER,3.7,Senior Software Engineer,"Johnston, IA",11d,$129K - $207K ,207000.0
Afterpay,3.7,Software Engineer I,"Houston, TX",30d+,$161K - $215K ,215000.0
U.S. Bank National Association,4.0,Senior Backend Software Engineer (Hybrid),"Bellevue, WA",30d+,$93K - $132K ,132000.0
Geon Technologies,3.8,"Software Engineer - PubSub, Cash App","San Francisco, CA",1d,$95K - $115K ,115000.0
INTEL,5.0,"Software Engineer 2 - Mainframe (Cobol, JCL, VSAM)","Brookfield, WI",12d,$310K - $465K ,465000.0
TDI Technologies,4.1,Software Engineer,"Annapolis Junction, MD",30d+,$117K - $160K ,160000.0
DAIKIN COMFORT TECHNOLOGIES MFG LP,4.3,Software Engineer / Simulation - Virtual Prototyping,"San Jose, CA",21d,$213K - $293K ,293000.0
Intone Networks,4.4,C# Software Engineer,Pennsylvania,6d,$87K - $124K ,124000.0
Intone Networks,3.6,SOFTWARE ENGINEER 3,"Chatsworth, CA",4d,$163K - $294K ,294000.0
Wise,3.6,Software Engineer in Test,"Westlake, TX",25d,$195K - $230K ,230000.0
"Garmin International, Inc.",3.1,Jr Cloud Engineer,"Phoenix, AZ",9d,$70K - $90K ,90000.0
Nyla Technology Solutions,4.2,"Senior Software Engineer II, Wise Account","Austin, TX",19d,$86K - $109K ,109000.0
Wellington Management,3.0,Senior .NET Software Engineer,"Cary, NC",4d,$79K - $124K ,124000.0
Synergy ECP,3.5,Software Engineer,"Annapolis Junction, MD",30d+,$122K - $147K ,147000.0
Costco Wholesale,3.1,Senior Software Engineer,"Boston, MA",30d+,$110K - $154K ,154000.0
"Vizient, Inc.",4.5,Software Engineer,"Annapolis Junction, MD",30d+,$119K - $142K ,142000.0
Leidos,3.7,Software Engineer - IT Sustainability,"Seattle, WA",17d,$120K - $150K ,150000.0
Noblis,3.7,Senior Software Engineer,"Irving, TX",30d+,$85K - $131K ,131000.0
ELEVI Associates,4.7,Junior Software Engineer - Panama Shift!,"Annapolis Junction, MD",30d+,$60K - $80K ,80000.0
ASCENDING,4.0,Software Solutions Engineer – Multiple Levels,"Oklahoma City, OK",30d+,$112K - $177K ,177000.0
Trellint,4.0,Sr Software Engineer,"Annapolis Junction, MD",4d,$90K - $104K ,104000.0
Synergy ECP,4.1,Cloud Software Engineer,"Fairfax, VA",30d+,$79K - $159K ,159000.0
Lockheed Martin,3.6,R&D Software Engineer II,Maryland,11d,$195K - $245K ,245000.0
"Trusted Space, Inc.",4.4,Software Engineer 1,"Columbia, MD",30d+,$66K - $112K ,112000.0
State Street,4.2,Software Engineer,"Highlands Ranch, CO",2d,$145K - $190K ,190000.0
"Availity, LLC.",4.0,Software Engineer,Colorado,16d,$86K - $127K ,127000.0
BorgWarner,1.0,"Software Development Engineer, Officer, Onsite","Quincy, MA",3d,$120K - $140K ,140000.0
Ford Motor Company,4.1,Node.js/Kotlin Software Engineer IV,"Jacksonville, FL",24d,$61K - $89K ,89000.0
Forterra,3.9,Software Resident Engineer,"Auburn Hills, MI",6d,$68K - $102K ,102000.0
Epsilon,3.1,Software Engineer,"Dearborn, MI",5d,$79K - $125K ,125000.0
ByteDance,3.3,Perception Software Engineer - ML Ops,Remote,30d+,$100K - $155K ,155000.0
Logistics Management Institute,3.7,Senior Front End Software Engineer,"Chicago, IL",10d,$94K - $122K ,122000.0
"Hottinger, Bruel & Kjaer",3.9,Software Engineer (Data Security-US) - 2025 Start (BS/MS),"San Jose, CA",6d,$60.00 - $72.00 Per Hour ,149760.0
Sirius XM,3.6,Cloud Engineer,Remote,3d,$105K - $125K ,125000.0
Warner Bros. Discovery,3.8,Custom Software Engineer,"Pompano Beach, FL",30d+,$103K - $147K ,147000.0
Peloton,3.3,"Senior Software Engineer - Python, Celery, Redis","Oakland, CA",3d,$81K - $118K ,118000.0
Movius Interactive Corporation,3.4,"VP, Software Engineering",United States,6d,$122K - $172K ,172000.0
Accenture Federal Services,4.0,Site Reliability Engineer,United States,6d,$108K - $216K ,216000.0
Corteva,3.9,Software Engineer- Backend,"Fremont, CA",19d,$122K - $184K ,184000.0
IntraFi Network,3.3,Software Engineer,"Elkridge, MD",3d,$121K - $181K ,181000.0
PSEG,3.9,Software Engineer II,"Johnston, IA",9d,$78K - $133K ,133000.0
Ryzlink DBA Chuwa America,3.1,Senior Software Engineer,"Arlington, VA",13d,$75K ,75000.0
Trane Technologies,3.6,Software Engineer,"Bethpage, NY",10d,$86K - $139K ,139000.0
Discord,4.3,Software Programmer,"Santa Clara, CA",5d,$88K - $173K ,173000.0
Tesla,4.2,Software Engineer - Innovation,"Saint Paul, MN",10d,$182K - $244K ,244000.0
Microsoft,4.0,"Software Engineer, Ads (Quests)","San Francisco, CA",18d,$124K - $155K ,155000.0
First American Financial Corporation,3.7,"Staff Software Engineer, Backend, Factory Software","Fremont, CA",4d,$94K - $129K ,129000.0
IntraFi Network,3.6,Software Engineer 2,"Redmond, WA",2d,$72.84 - $80.93 Per Hour ,168334.4
Collins Aerospace,3.5,Software Engineer II (Hybrid or Remote Possible),"Idaho Falls, ID",1d,$130K - $165K ,165000.0
Roche,4.3,Software Engineer (Customer-Facing Applications),"Arlington, VA",10d,$65K - $101K ,101000.0
Qualtrics,3.0,Software Engineer,"Lenexa, KS",15d,$129K - $224K ,224000.0
Edward Rose & Sons,4.4,Senior Software Engineer - Digital Pathology,"Santa Clara, CA",2d,$161K - $243K ,243000.0
Michelin,5.0,Senior Software Development Engineer - Data Engineering Team,"Seattle, WA",8d,$76K - $107K ,107000.0
"Garmin International, Inc.",4.7,Yardi Enterprise Software Support Engineer - Hybrid Remote,"Bloomfield Hills, MI",11d,$70K - $85K ,85000.0
Smart IMS,4.3,Software Engineer(Entry/Experienced) SPA,"Spartanburg, SC",26d,$75K - $150K ,150000.0
Wipro,3.9,Embedded C / Linux Software Engineer - Marine,"Olathe, KS",23d,$110K - $150K ,150000.0
Harley-Davidson,3.8,Software Engineer 2,United States,30d+,$98K - $147K ,147000.0
"VIZIO, Inc.",3.4,PHP Engineer,"Tampa, FL",30d+,$74K - $92K ,92000.0
Geneva Technologies Inc.,3.4,Associate Design Engineer - Software V&V,"Wauwatosa, WI",30d+,$8K - $12K ,12000.0
ElectronX,4.2,Senior Software Engineer,"Dallas, TX",5d,$90K - $131K ,131000.0
Camelot Integrated Solutions Inc.,3.7,Software Engineer,"Monument, CO",4d,$120K - $150K ,150000.0
"JRC Integrated Systems, LLC",3.7,Experienced: Core Infrastructure Software Engineer,Remote,3d,$126K - $237K ,237000.0
Sabre Engineering,3.5,Software Developer (Job Code 001),"Houston, TX",30d+,$50K - $78K ,78000.0
Thermoflow,4.2,Software Engineer,"Dahlgren, VA",30d+,$94K - $117K ,117000.0
Fanatics Inc.,3.5,JR. SOFTWARE ENGINEER,"Columbia, MD",2d,$185K - $200K ,200000.0
"Twitch Interactive, Inc.",3.5,"Computer Science, Software Engineers, Programmers","Jacksonville, FL",30d+,$103K - $149K ,149000.0
Adtran,3.4,Sr Software Engineer,"New York, NY",30d+,$109K - $141K ,141000.0
Oncorre,3.8,Software Development Engineer,"Seattle, WA",5d,$76K - $116K ,116000.0
NMG Technology Services,3.8,Senior Software Engineer,Oregon,5d,$37K - $82K ,82000.0
Captivation Software,3.7,Software Engineer,"Bridgewater, NJ",30d+,$129K - $159K ,159000.0
Invisible Technologies,3.7,Software Engineer,"Brooklyn, NY",30d+,$80K - $111K ,111000.0
Metas Solutions,4.1,Software Engineer 2 - DevOps,"Annapolis Junction, MD",30d+,$95K - $133K ,133000.0
"GAP Solutions, Inc.",4.0,Senior Software Engineer - Platform,Remote,16d,$130K - $140K ,140000.0
Independent Software,4.2,Software Quality Assurance Engineer & Tester,"Atlanta, GA",2d,$81K - $118K ,118000.0
InterImage,4.1,Software QA Engineer and Tester,"Atlanta, GA",24h,$120K - $150K ,150000.0
Tickets.com,5.0,"Software Integration Engineer, Junior","Fort Meade, MD",30d+,$180K - $260K ,260000.0
Adobe,4.9,2251 Java & NiFi Software Engineer,"Annapolis Junction, MD",18d,$86K - $111K ,111000.0
Embecta,3.3,Senior Software Engineer,"Boulder, CO",6d,$40.00 - $45.00 Per Hour ,93600.0
Tesla,4.2,Senior Software Development Engineer,"San Jose, CA",11d,$74K - $109K ,109000.0
CVS Health,4.1,"Senior FullStack Software Engineer (hybrid - Andover, MA)","Andover, MA",6d,$108K - $116K ,116000.0
Space Systems Integration,3.0,"Sr. Software Engineer, Backend, Factory Software","Fremont, CA",4d,$103K - $146K ,146000.0
Cash App,4.5,Full-Stack Software Developer,"Hartford, CT",17d,$89K - $128K ,128000.0
Annapurna Labs (U.S.) Inc.,5.0,Software Engineer,"Albuquerque, NM",30d+,$84K ,84000.0
Index Engines Inc.,3.9,"Software Engineer, Incentive","Seattle, WA",3d,$144K - $198K ,198000.0
Ford Motor Company,4.4,"Software Dev Engineer - Machine Learning Apps, Accelerator","Cupertino, CA",3d,$160K - $321K ,321000.0
Q9Software,4.1,React Software Engineer,Colorado,30d+,$97K - $155K ,155000.0
Squarespace,3.8,Software Engineer,"Dearborn, MI",30d+,$120K - $290K ,290000.0
"Advanced Micro Devices, Inc",3.4,Software Developer,"Germantown, MD",30d+,$87K - $126K ,126000.0
InterImage,3.7,"Senior Software Engineer, User Platform (Java)",United States,5d,$129K - $224K ,224000.0
"Flow Systems, Inc",3.4,Software Development Engineer - AI/ML,"San Jose, CA",30d+,$103K - $141K ,141000.0
OpenAI,4.6,2128 Software Engineer 1 (Java Focused),"Annapolis Junction, MD",18d,$135K - $155K ,155000.0
Teradyne,3.8,Software Engineer,"Berthoud, CO",3d,$65K - $118K ,118000.0
Meta,2.9,"Senior Software Engineer, Search Evaluations","San Francisco, CA",6d,$80K - $94K ,94000.0
Yellow Duck Technologies Inc.,4.3,Software Performance Engineer,"North Reading, MA",18d,$104K - $348K ,348000.0
Workday,4.0,Software Engineer - Camera (Technical Leadership),"Redmond, WA",3d,$300K - $450K ,450000.0
Ops Tech Alliance,4.2,Cleared Junior Software Engineer,"Annapolis Junction, MD",15d,$90K - $126K ,126000.0
CDK Global,3.7,Principal Software Engineer,"Seattle, WA",30d+,$78K - $102K ,102000.0
IAB Solutions LLC,3.7,Software Engineer Level 3,"Fort Meade, MD",30d+,$110K - $154K ,154000.0
General Assembly,4.2,Associate Software Engineer,"Austin, TX",5d,$87K - $171K ,171000.0
Delta Dental Ins.,4.3,Senior Software Engineer,Whitehall Township,11d,$125K - $160K ,160000.0
Cotiviti,4.4,Software Engineer Instructor,"Denver, CO",30d+,$83K - $124K ,124000.0
BOEING,4.1,Senior Software Engineer,"Alpharetta, GA",1d,$74K - $98K ,98000.0
Braum's,3.9,Sr. DevOps Engineer,Remote,2d,$102K - $159K ,159000.0
Cummings Aerospace Inc,2.5,Software Engineer - Mid Level,"Annapolis Junction, MD",17d,$115K - $165K ,165000.0
T.M. Bier & Associates,4.4,Senior Software Engineer,"Oklahoma City, OK",6d,$108K - $216K ,216000.0
Zelis,3.9,Software Engineer-Mid Level,"Largo, FL",3d,$90K - $145K ,145000.0
TikTok,3.7,Software Engineer (BMS),United States,9d,$68K - $104K ,104000.0
Eaton,3.5,Senior Software Engineer - C# & Rust,New Jersey,3d,$72K - $108K ,108000.0
CVS Health,3.0,"Frontend Software Engineer Graduate, TikTok Infrastructure - 2025 Start (BS/MS)","San Jose, CA",10d,$69K - $120K ,120000.0
Zoox,3.7,Eaton Development Program: Engineering Technology - Software,"Peachtree City, GA",5d,$72K - $127K ,127000.0
Radiance Technologies,3.9,Software Development Engineer,"Hartford, CT",30d+,$158K - $205K ,205000.0
Boston Consulting Group,4.2,Senior Fullstack Software Engineer - Perception Metrics Platform,"San Francisco, CA",19d,$100K - $160K ,160000.0
Sage,3.5,Full Stack Software Engineer,"Beavercreek, OH",13d,$50.00 - $54.00 Per Hour ,112320.0
Neurable,4.4,"AI Software Engineer, Campus, United States - BCG X","Los Angeles, CA",4d,$130K - $210K ,210000.0
ASM International,3.4,"Software Engineer - C#, C++","Lawrenceville, GA",30d+,$115K - $159K ,159000.0
Galvion,4.0,Senior Software Engineer,"Boston, MA",9d,$138K - $192K ,192000.0
Prophet Software,3.6,Field Software Support Engineer,"Hillsboro, OR",30d+,$89K - $129K ,129000.0
Ansira,4.1,Associate Software Engineer (on-site),"Portsmouth, NH",1d,$130K - $150K ,150000.0
Elder Research,4.7,Software Developer,"Westlake Village, CA",16d,$177K - $251K ,251000.0
3 Reasons Consulting,3.9,Full Stack Software Engineer,Washington State,11d,$100K - $158K ,158000.0
"AB2 Consulting, Inc.",3.2,Backend Software Engineer,"Fort George G Meade, MD",30d+,$168K - $253K ,253000.0
University of Maryland,4.1,Software Engineer II,"San Diego, CA",30d+,$167K - $296K ,296000.0
CPI Card Group,3.6,"Software Development Engineer in Test (SDET) / Okemos, MI (Hybrid)","Okemos, MI",10d,$136K - $200K ,200000.0
Simplot,3.8,Research Software and Data Engineer,"College Park, MD",5d,$35.00 - $50.00 Per Hour ,104000.0
Walmart Advanced Systems and Robotics,4.1,Software Process Engineer,"Fort Wayne, IN",30d+,$118K - $142K ,142000.0
Fanatics Inc.,3.5,Software Engineer,"Boise, ID",12d,$109K - $219K ,219000.0
GE HEALTHCARE,4.0,Senior Software Engineer – Emulation,"Andover, MA",25d,$64K - $113K ,113000.0
NORC at the University of Chicago,4.1,"Software Engineer II, Android",United States,30d+,$104K - $166K ,166000.0
WSSC Water,5.0,Software Engineer,"Washington, DC",30d+,$181K - $212K ,212000.0
RVO Health,4.0,Cloud Engineer,"Chicago, IL",5d,$91K - $119K ,119000.0
Wisenbaker Builder Services,3.8,"Engineering Software Administrator (e-Builder, Primavera P6)","Laurel, MD",2d,$70K - $115K ,115000.0
Optum,3.0,2025 Early Career Program: Software Engineering,"Charlotte, NC",4d,$124K - $211K ,211000.0
SoFi,3.9,CAD Software Engineer (Cabinets),"Hillsboro, TX",12d,$161K - $253K ,253000.0
Fanatics Inc.,4.1,"Senior AI/ML Software Engineer, Java - Remote","Eden Prairie, MN",3d,$90K - $140K ,140000.0
Micron,3.4,"Staff Software Engineer, At Work","Seattle, WA",2d,$123K - $175K ,175000.0
Boeing,3.5,Software Engineer II,"New York, NY",18d,$81K - $131K ,131000.0
bellelynn,3.6,IT Software Engineer,"Boise, ID",30d+,$77K - $104K ,104000.0
Bertrandt,3.8,Software Engineer 3 - Front End (contract),"El Segundo, CA",3d,$125K - $208K ,208000.0
Amazon.com Services LLC,3.7,Sr Software Engineer,"Columbia, MD",3d,$80K - $113K ,113000.0
Salesforce,4.0,Automotive Software Engineer,"Sterling Heights, MI",30d+,$129K - $224K ,224000.0
Ford Motor Company,4.2,"Front End Engineer, Sponsored Brands - Fixed","New York, NY",4d,$92K - $133K ,133000.0
EAI Technologies,3.8,Software Engineering LMTS,"Bellevue, WA",4d,$105K - $130K ,130000.0
Mahlet,4.1,Software Engineer - Global Order Bank,"Dearborn, MI",16d,$62K - $89K ,89000.0
New River Systems Corporation,4.4,Physics/Math Graduate - Entry Level Software Developer,"Vienna, VA",30d+,$110K - $145K ,145000.0
REV Robotics,4.6,Software Engineer,"Burtonsville, MD",16d,$116K - $128K ,128000.0
"IntelliGenesis, LLC",4.1,OneStream Software Systems Engineer,United States,17d,$111K - $184K ,184000.0
Enersys,3.6,SENIOR SOFTWARE ENGINEER,"Carrollton, TX",5d,$138K - $297K ,297000.0
University of Washington,4.7,Full Stack Software Engineer Level 1,"Arlington, VA",30d+,$109K - $145K ,145000.0
Hewlett Packard,3.8,Product Engineer I,"Longmont, CO",24h,$97K - $133K ,133000.0
Movius Interactive Corporation,3.4,SOFTWARE ENGINEER,"Seattle, WA",30d+,$100K - $145K ,145000.0
Noblis,4.1,Cloud Software Development Engineer,"Fort Collins, CO",11d,$86K - $129K ,129000.0
CEDENT,3.7,Software Engineer - Backend Voice,"Fremont, CA",1d,$53K - $96K ,96000.0
Bank of America,3.5,Software Engineer (All Levels),"McLean, VA",30d+,$75K - $131K ,131000.0
LinQuest Corporation,4.3,"Software System Engineer (C++, JAVA background)","Warren, MI",30d+,$119K - $173K ,173000.0
Hewlett Packard,3.5,Software Engineer II,"Charlotte, NC",3d,$97K - $126K ,126000.0
Oracle,4.0,Ground Software Engineer,Virginia,11d,$84K - $106K ,106000.0
Federal Reserve Bank of Boston,4.1,Experienced Front-End Engineer,"Fort Collins, CO",14d,$81K - $109K ,109000.0
Collins Aerospace,3.5,Software Developer,"Austin, TX",2d,$166K - $228K ,228000.0
Apriva,3.9,Full-Stack Software Engineer – Digital Money and Payments Research & Development,"Boston, MA",30d+,$154K - $279K ,279000.0
ASEC,3.9,Software Engineering Co-op (Summer/Fall 2025) (Onsite),"Cedar Rapids, IA",2d,$115K - $154K ,154000.0
T. Rowe Price,4.6,Software Engineer IV,"Phoenix, AZ",27d,$66K - $109K ,109000.0
S&S Activewear LLC,3.8,Software Engineer,"Patuxent River, MD",16d,$116K - $204K ,204000.0
Peterson Technologies,4.0,Software Engineer,"Owings Mills, MD",23d,$102K - $150K ,150000.0
"LongPath Technologies, Inc.",3.7,Senior Software Engineer (Hybrid Available),"Bolingbrook, IL",22d,$139K - $184K ,184000.0
Gradient,4.0,Mid Level Software Engineer,"Hanover, MD",30d+,$94K - $118K ,118000.0
Amazon.com Services LLC,4.2,Senior Software Engineer,"Boulder, CO",18d,$94K - $136K ,136000.0
ENVISN INCORPORATED,3.7,Senior Software Engineer,"Burlingame, CA",2d,$126K - $265K ,265000.0
Intersoft Data Labs,3.5,"Software Development Engineer II, Sort Tech","Tempe, AZ",3d,$100K - $135K ,135000.0
Digital Insight Printing,4.1,Software Quality Assurance (Tester) Engineer,"Indianola, PA",9d,$175K - $209K ,209000.0
Teradyne,3.6,Software Engineer (Onsite),"Columbia, MD",25d,$248K - $385K ,385000.0
Beshenich Muir & Associates Llc,4.6,Magento Developer,Remote,24h,$91K - $152K ,152000.0
Powermind Solutions,4.6,Software Machine Learning Engineer,"North Reading, MA",3d,$129K - $193K ,193000.0
Plaid,3.7,Software Systems Engineer,"Fort Belvoir, VA",30d+,$98K - $135K ,135000.0
"Grammarly, Inc.",3.2,Software Developer,Georgia,4d,$114K - $149K ,149000.0
ShipperHQ,4.0,Software Engineer - Credit,"San Francisco, CA",30d+,$130K - $236K ,236000.0
Bryn Neil,3.6,"Software Engineer, Back-End",United States,30d+,$144K - $288K ,288000.0
DCS Corp,3.9,Sr. Software Engineer - Site Reliability,"Austin, TX",16d,$49K - $84K ,84000.0
Bank of America,3.4,Cleared Software Engineer,"Denver, CO",3d,$129K - $224K ,224000.0
"Amazon Web Services, Inc.",3.8,Software Developer,Maryland,3d,$118K - $184K ,184000.0
"Bio-Rad Laboratories, Inc.",4.1,Data Center Services - Software Engineer,"Plano, TX",8d,$86K - $116K ,116000.0
"Audacy, Inc.",4.8,"Software Dev Engineer, L5 , SFSC Integrations","Seattle, WA",23d,$124K - $234K ,234000.0
CyberKorp,4.2,Software Developer in Test,"Hercules, CA",10d,$80K - $119K ,119000.0
Leidos,3.5,Senior Software Engineer,"Denver, CO",4d,$88K ,88000.0
Boeing Intelligence & Analytics,3.4,"Software Developers – Multiple openings – Bloomingdale, IL",United States,30d+,$55K ,55000.0
Tesla,4.1,Junior Java Software Engineer,"Fort Meade, MD",30d+,$234K - $284K ,284000.0
OpenAI,3.1,Apprentice ETL Software Engineer,"Elkridge, MD",30d+,$160K - $385K ,385000.0
NCR Atleos,3.9,"Software Engineer, Tool & Infrastructure, Reliability & Test","Palo Alto, CA",1d,$222K ,222000.0
Electronic Warfare Associates,3.8,"Software Engineer, Engineering Acceleration","San Francisco, CA",5d,$82K - $118K ,118000.0
"BillGO, Inc.",3.3,ATM Software Engineer (Level III),"Frisco, TX",30d+,$69K - $107K ,107000.0
Genesys,3.6,Software Engineer,"Mount Laurel, NJ",30d+,$95K - $143K ,143000.0
